INSERT INTO `hermandades` (`id`, `nombre`, `dia`, `imagen_principal`) VALUES
(1, 'Hermandad y Cofradía de Nazarenos de la Sagrada Entrada Triunfal de Jesús en Jerusalén, Nuestro Padre Jesús Cautivo, Nuestra Madre y Señora de Las Lágrimas', 'Domingo de Ramos', NULL),
(2, 'Hermandad del Amor', 'Domingo de Ramos', NULL),
(3, 'Hermandad del Santísimo Cristo de la Yedra, Nuestra Señora de la Caridad', 'Lunes Santo', NULL),
(4, 'Hermandad del Santísimo Cristo de la Expiración, Nuestra Señora de los Dolores y Nuestro Padre Jesús Nazareno de la Misericordia', 'Martes Santo', NULL),
(5, 'Hermandad Sacramental y Real Archicofradía de Nazarenos de la Coronación de Espinas de Nuestro Señor Jesucristo, Santísimo Cristo de la Salud, Nuestra Señora de los Dolores', 'Miércoles Santo', NULL),
(6, 'Real, Muy Antigua y Fervorosa Hermandad del Santísimo Cristo de la Sangre y Nuestra Señora de los Dolores', 'Jueves Santo', NULL),
(7, 'Real y Fervorosa Hermandad y Cofradía de Penitencia, Santísimo Cristo de la Sagrada Columna y Azotes, Santísimo Cristo de Confalón y Nuestra Señora de la Esperanza', 'Jueves Santo', NULL),
(8, 'Real y Venerable Hermandad y Cofradía de Nazarenos de Nuestro Padre Jesús Nazareno Abrazado a la Cruz y María Santísima de la Amargura', 'Madrugá', NULL),
(9, 'Pontificia, Ilustre y Muy Antigua Hermandad y Cofradía de Nuestro Padre Jesús Nazareno, Santa Cruz en Jerusalén, María Santísima de las Misericordias', 'Madrugá', NULL),
(10, 'Hermandad Sacramental y Cofradía de Nazarenos del Santísimo Cristo de la Misericordia, Nuestro Padre Jesús Descendido de la Cruz en el Misterio de su Sagrada Mortaja y María Santísima de la Piedad', 'Viernes Santo', NULL),
(11, 'Muy Antigua y Fervorosa Hermandad de Nuestra Señora de la Piedad y Santísimo Cristo de la Exaltación en la Cruz', 'Viernes Santo', NULL),
(12, 'Hermandad y Cofradía de Nuestro Padre Jesús Sin Soga, Nuestra Señora de la Fe', 'Viernes Santo', NULL),
(13, 'Real, Muy Ilustre, Antigua y Noble Cofradía de Nazarenos de Nuestra Señora en la Consideración de sus Angustias y Soledad, Santo Entierro de Nuestro Señor Jesucristo', 'Sábado Santo', NULL),
(14, 'Hermandad del Santísimo Sacramento, Gloriosa Resurrección de Nuestro Señor Jesucristo, María Santísima de la Alegría', 'Domingo de Resurrección', NULL);
INSERT INTO `pasos` (`id`, `nombre`, `hermandad_id`) VALUES
(1, 'La Borriquita', 1),
(2, 'Nuestro Padre Jesús Cautivo', 1),
(3, 'Nuestra Madre y Señora de Las Lágrimas', 1),
(4, 'Nuestro Padre Jesús del Amor', 2),
(5, 'Santísimo Cristo de la Yedra', 3),
(6, 'Nuestra Señora de la Caridad', 3),
(7, 'Nuestro Padre Jesús de la Misericordia', 4),
(8, 'Cristo de la Expiración', 4),
(9, 'Nuestra Señora de los Dolores', 4),
(10, 'Coronación de Espinas', 5),
(11, 'Cristo de la Salud', 5),
(12, 'Nuestra Señora de los Dolores', 5),
(13, 'Santísimo Cristo de la Sangre', 6),
(14, 'Nuestra Señora de los Dolores', 6),
(15, 'Santísimo Cristo de la Sagrada Columna y Azotes', 7),
(16, 'Cristo de Confalón', 7),
(17, 'Nuestra Señora de la Esperanza', 7),
(18, 'Nuestro Padre Jesús Nazareno Abrazado a la Cruz', 8),
(19, 'María Santísima de la Amargura', 8),
(20, 'Nuestro Padre Jesús Nazareno', 9),
(21, 'María Santísima de las Misericordias', 9),
(22, 'La Sagrada Mortaja', 10),
(23, 'Santísimo Cristo Exaltado en la Cruz', 11),
(24, 'Nuestra Señora de la Piedad', 11),
(25, 'Nuestro Padre Jesús Sin Soga', 12),
(26, 'Nuestra Señora de la Fe', 12),
(27, 'La Quinta Angustia', 13),
(28, 'El Santo Entierro', 13),
(29, 'Nuestra Señora de la Soledad', 13),
(30, 'Nuestro Padre Jesús Resucitado', 14),
(31, 'Nuestra Señora de la Alegría', 14);
INSERT INTO `usuarios` (`id`, `usuario`, `password`, `hermandad_id`, `es_admin`) VALUES
(30, 'admin', '$2y$10$ZiKo0coxHhkw5RJxFsiAXOF1/uY6.3sUwpK3uTCut.mdsaLebhyVC', NULL, 1),
(31, 'consejo', '$2y$10$QEPUCUI/d/ihnv.wTEilq.O0uORgDh/N7KXGLqf0ieQdIjw2V8De6', NULL, 0);